Time,PointCut,[T]totalTM,[T]FPSR,[1]totalFr,[1]totalTm,[1]outSize,[2]totalTm,[2]outSize
20:5:12.900,-1,29.45617,17.97497,330,-1,-1,-1,-1
20:6:20.534,-1,27.71935,18.37653,330,-1,-1,-1,-1
20:8:10.76,d,29.47428,17.86275,330,-1,-1,-1,-1
