[T]totalTm,[T]totalFr,[T]TmRecv,[T]FRPS,[T]Fr/~1s,[T]Fr/~2s,[T]Fr/~3s
7.9063,61,1756626383.92666,0.0,20.25384,0.05194,1756626379.5586
11.00353,61,1756626491.05585,0.0,22.21485,0.04714,1756626485.81165
11.31712,61,1756626580.15383,0.0,11.84834,0.09218,1756626574.96484
9.8952,61,1756626735.53245,0.0,12.13311,0.08982,1756626730.45762
