Time,PointCut,TmQoE[T]totalTM,[T]FPSR,[1]totalFr,[1]totalTm,[1]outSze[T],[1]outSze[2],[2]totalTm,[2]outSize,TmQoE,[T]totalTM
18.90369,-1.0,330,20.31598,2.1 MB,7.4 MB,20.26182,2.0 B,,,,
37.96331,51.98733,330,19.10167,2.1 MB,7.4 MB,19.06949,2.0 B,,,,
65.18051,78.33786,330,19.83066,2.1 MB,7.4 MB,19.90873,2.0 B,,,,
31.50585,83.41086,330,19.45901,2.1 MB,7.4 MB,19.53313,2.0 B,,,,
25.99721,28.1923,330,19.78025,2.1 MB,7.4 MB,20.3105,2.0 B,,,,
35.66285,17.52745,330,20.64973,2.1 MB,7.4 MB,20.58855,2.0 B,,,,
