Time,PointCut,[T]totalTM,[T]FPSR,[1]totalFr,[2]totalTm,[1]totalTm,[1]outSze[T],[1]outSze[2],[2]outSize,[1]GPU_time,[2]GPU_time,[1]peak_RAM,[2]peak_RAM,[1]peak_VRAM,[2]peak_VRAM
20:58:31.585,-1,8.67214,17.6601,61,5.32278,4.0146,2.1 MB,9.0 MB,2.0 B,0.75738s,0.75354s,887.398MB,856.148MB,71.985MB,46.546MB
20:59:34.369,-1,9.54209,15.27023,61,7.34573,3.64051,2.1 MB,9.0 MB,2.0 B,0.85196s,0.85399s,886.445MB,855.344MB,71.985MB,46.546MB
21:0:24.33,-1,15.94462,18.51623,164,12.35243,8.99084,2.1 MB,9.0 MB,2.0 B,1.93234s,1.96101s,888.352MB,856.527MB,71.985MB,46.546MB
21:5:42.183,-1,27.56373,16.22769,164,23.86787,8.73092,2.1 MB,9.0 MB,2.0 B,1.95467s,3.40115s,881.582MB,856.473MB,71.985MB,46.546MB
21:12:46.755,-1,11.22029,15.64015,61,7.89007,4.16699,2.1 MB,9.0 MB,2.0 B,0.82274s,0.79206s,886.102MB,856.578MB,71.985MB,46.546MB
21:13:47.355,-1,11.28531,8.96208,61,8.22026,3.65678,2.1 MB,9.0 MB,2.0 B,0.97882s,0.69176s,887.133MB,855.211MB,71.985MB,46.546MB
